pdb_name,BA,BC1,AC1,BC2,AC2,dc
2cdffv,125.66745603007175,125.64668454846664,76.25565057094262,37.923328823452124,162.08295718437464,15.105783406643472
